Suburb,Postcode
Croydon South,3136
Dubbo,2830
Newton,5074
Kewdale,6105
CAIRNS CITY,4870
Bohle,4818
Paget,4740
Queanbeyan,2620
Glenorchy,7010
Moama,2731
Geebung,4034
Mooroopna,3629
Morwell,3840
Ballarat,3350
West Ipswich,4305
Arundel,4214
Cardiff,2285
Sunshine,3020
Albury,2640
Taree,2430
Cobram,3644
Tamworth,2340
Kunda Park,4556
Mount Gambier,5290
Mildura,3500
Leongatha,3953
Rockhampton,4700
Toowoomba,4350
West Kalgoorlie,6430
Smithfield,2164
Ulverstone,7315
Emerald,4720
Swan Hill,3585
Broome,6725
Warrnambool,3280
Doveton,3177
Geraldton,6530
Port Lincoln,5606
EAST ARM,822
Katherine,850
Kings Meadows,7249
Rockingham,6168
South Grafton,2460
Monarto,5254
Alice Springs,870
Berri,5343
Warwick,4370
Stanthorpe,4380
Inverell,2360
Whyalla Norrie,5608
Unanderra,2526
Port Augusta,5700
Maryborough,4650
Lara,3212
Marrickville,2204
Moree,2400
Narrabri,2390
Charleville,4470
Dalby,4405
Hamilton,3300
Parkes,2870
Portland,3305
Broken Hill,2880
Wingfield,5013
Goulburn,2580
Moss Vale,2577
Mount Isa,4825
Port Pirie,5540
Seymour,3660
Thornton,2322
Berkeley Vale,2261
Griffith,2680
Gladstone,4680
Wagga Wagga,2650
Port Macquarie,2444
Busselton,6280
Bairnsdale,3875
Harvey,6220
Roma,4455
Quilpie,4480
Toormina,2452
Bundaberg,4670
Benalla,3672
Bendigo,3550
Echuca,3564
Smeaton Grange,2567
Wangaratta,3677
Muswellbrook,2333
Cowra,2794
Mansfield,3722
Gunnedah,2380
Bega,2550
Mount Barker,5251
Mudgee,2850
Fyshwick,2609
St Arnaud,3478
Bayswater North,3153
Colac,3250
Marrangaroo,2790
Batemans Bay,2536
Bright,3741
Proserpine,4800
Bordertown,5268
Kingaroy,4610
Biloela,4715
Polo Flat,2630
Yass,2582
Maryborough,3465
Tumut,2720
Narrandera,2700
St George,4487
Carnarvon,6701
Malaga,6090
Ouyen,3490
Clermont,4721
Jamestown,5491
Tara,4421
Goondiwindi,4390
Naracoorte,5271
Beechworth,3747
Lismore,2480
Rocklea,4106
Stawell,3380
Charters Towers,4820
Boonah,4310
Castlemaine,3450
Albany,6330
Longreach,4730
Barcaldine,4725
Bunbury,6230
Nuriootpa,5355
Manjimup,6258
Nannup,6275
Northcliffe,6262
Pemberton,6260
Glen Innes,2370
Hay,2711
Exmouth,6707
Midvale,6056
Merredin,6415
York,6302
Acacia Ridge,4110
Karratha,6714
Crestmead,4132
Monkland,4570
Eagle Farm,4009
Walgett,2832
South Nowra,2541
Tambo,4478
Hughenden,4821
Cootamundra,2590
Jurien Bay,6516
Murwillumbah,2484
Armidale,2350
Caboolture,4510
Brendale,4500
Kawana,4701
Newman,6753
Horsham,3400
East Bendigo,3550
East Wagga Wagga,2650
Shepparton,3630
Rokeby,7019
Ballina,2478
Walmsley,6330
Craigieburn,3064
Tullamarine,3043
Hoppers Crossing,3029
Bell Park,3215
Warnervale,2259
Chipping Norton,2170
Kingsgrove,2208
Orange,2800
Young,2594
Minchinbury,2770
Cooktown,4895
Weipa,4874
Cloncurry,4824
Normanton,4890
Innisfail,4860
Edmonton,4869
Kadina,5554
Murray Bridge,5253
Perth Airport,6105
Christmas Island,6798
Deniliquin,2710
Mitchell Park,3355
Bayswater,3153
Hillston,2675
Cue,6640
Sunshine West,3020
Mclaren Vale,5171
South Lismore,2480
Chadwick,6450
Green Fields,5107
St Helens,4650
Portsmith,4870
Dongara,6525
Cooma,2630
Ceduna,5690
Berrimah,828
Torrington,4350
Kelso,2795
Lavington,2641
Hume,2620
Pakenham,3810
Lemnos,3631
Keith,5267
Derby,6728
Mornington,3931
Gympie,4570
Canning Vale,6155
Gnangara,6077